{"cameraMode":{"drawMode":0,"name":"Shaded","section":"Shading Mode"},"sceneLighting":true,"audioPlay":false,"sceneViewState":{"showFog":true,"showMaterialUpdate":true,"showSkybox":true,"showFlares":true,"showImageEffects":true,"showParticleSystems":true},"in2DMode":false,"pivot":{"x":1.331905484199524,"y":4.636933326721191,"z":0.4587036669254303},"rotation":{"x":-0.01725578121840954,"y":0.9455457925796509,"z":-0.32103338837623598,"w":-0.05082385241985321},"size":28.953920364379884,"orthographic":false}